{
  "model_type": "GBT",
  "model_path": "models/20250405_163718_departure_GBT",
  "timestamp": "20250405_163718",
  "metrics": {
    "auc": 0.7650084491919352,
    "accuracy": 0.8173763698816858,
    "precision": 0.7962682648004787,
    "recall": 0.8173763698816858,
    "f1": 0.7827476250511018,
    "evaluation_time": 0.18877816200256348
  },
  "training_time": 953.1839034557343
}