{
  "model_type": "GBT",
  "model_path": "models/20250405_163718_arrival_GBT",
  "timestamp": "20250405_163718",
  "metrics": {
    "auc": 0.8037939807657649,
    "accuracy": 0.8151954637151737,
    "precision": 0.8017558439574249,
    "recall": 0.8151954637151736,
    "f1": 0.7880630874722906,
    "evaluation_time": 0.19598746299743652
  },
  "training_time": 857.9681296348572
}